ts,lat,lon
1758965551045,34.029854,-118.287801
1758965551162,34.029887,-118.287834
1758965551166,34.029893,-118.287813
1758965576416,34.029796,-118.287811
1758966148321,34.029815,-118.287837
1758966190306,34.029825,-118.287857
1758966220291,34.029838,-118.287854
1758966250267,34.029835,-118.287853
1758966280286,34.029826,-118.287832
1758966310301,34.02983,-118.287825
1758966340434,34.029824,-118.287819
1758966370461,34.029827,-118.287856
1758966400426,34.029842,-118.287862
1758966430439,34.029843,-118.287853
1758966460454,34.029834,-118.28786
1758966490432,34.029836,-118.287894
1758966520431,34.029837,-118.287894
1758966550426,34.029826,-118.287854
1758966580292,34.029823,-118.287839
1758966610434,34.029823,-118.287836
1758966640426,34.029825,-118.287835
1758966672783,34.029824,-118.287825
1758966702636,34.029829,-118.287811
1758966732782,34.029832,-118.287802
1758966762641,34.029833,-118.287803
1758966792766,34.029832,-118.287803
1758966822621,34.029839,-118.287875
1758966852661,34.02984,-118.287883
1758966882616,34.02984,-118.28788
1758966912781,34.029841,-118.28788
1758966942616,34.029842,-118.287875
1758966972761,34.029843,-118.287871
1758967002611,34.029853,-118.287872
1758967032766,34.029844,-118.287853
1758967062621,34.029848,-118.287855
1758967092782,34.029846,-118.287855
1758967122631,34.029859,-118.28788
1758967152586,34.029867,-118.28791
1758967182641,34.029869,-118.287906
1758967212762,34.029876,-118.2879
1758967262242,34.029845,-118.287848
1758967292254,34.029881,-118.287867
1758967322232,34.02989,-118.287875
1758967352236,34.029883,-118.287874
1758967382233,34.029875,-118.287851
1758967412258,34.029871,-118.28783
1758967442231,34.029868,-118.287824
1758967472252,34.029873,-118.287915
1758967502232,34.02987,-118.287898
1758967532237,34.029872,-118.287892
1758967562236,34.029857,-118.28785
1758967592236,34.029851,-118.287837
1758967622097,34.02982,-118.287761
1758967652056,34.029818,-118.287738
1758967682093,34.02982,-118.28774
1758967712072,34.02979,-118.287749
1758967742091,34.029762,-118.287786
1758967772065,34.029751,-118.28779
1758967802092,34.029773,-118.28778
1758967832076,34.029799,-118.287762
1758967862047,34.029772,-118.287771
1758967892042,34.029768,-118.287756
1758967922046,34.029743,-118.287762
1758967952096,34.02977,-118.287742
1758967982076,34.029783,-118.287784
1758968012046,34.029799,-118.287763
1758968042096,34.029796,-118.287757
1758968072071,34.029798,-118.287751
1758968102081,34.029825,-118.287755
1758968132311,34.029841,-118.287808
1758968162541,34.029864,-118.287825
1758968192211,34.029862,-118.287813
1758968222037,34.029844,-118.287842
1758968252076,34.029838,-118.287871
1758968282041,34.029854,-118.287825
1758968312086,34.02985,-118.287832
1758968342078,34.029843,-118.287851
1758968372066,34.029827,-118.287853
1758968402076,34.029829,-118.287863
1758968432036,34.02981,-118.287864
1758968462096,34.029819,-118.287895
1758968492067,34.029859,-118.28784
1758968522048,34.02984,-118.287833
1758968552046,34.02983,-118.287805
1758968582102,34.029834,-118.287807
1758968612036,34.029849,-118.287804
1758968642066,34.029855,-118.28781
1758968672031,34.029862,-118.287812
1758968702066,34.029872,-118.287825
1758968732076,34.02987,-118.287815
1758968762206,34.02987,-118.287814
1758968792252,34.029869,-118.287813
1758968822219,34.02987,-118.287813
1758968852046,34.029858,-118.287844
1758968882038,34.02985,-118.287845
1758968912066,34.029849,-118.287836
1758968942196,34.029849,-118.287837
1758968972081,34.02984,-118.287826
1758969002087,34.029842,-118.287826
1758969032066,34.029846,-118.287828
1758969062041,34.029838,-118.287826
1758969092066,34.029837,-118.287843
1758969122062,34.029838,-118.287844
1758969152031,34.029838,-118.287843
1758969182036,34.029839,-118.28784
1758969212082,34.029829,-118.28785
1758969242081,34.029829,-118.28785
1758969272091,34.029828,-118.287851
1758969302031,34.029828,-118.287852
1758969332051,34.029828,-118.287853
1758969362052,34.02983,-118.287899
1758969392062,34.029831,-118.287884
1758969422428,34.02984,-118.287882
1758969452196,34.029833,-118.287853
1758969482206,34.029855,-118.287813
1758969512220,34.029853,-118.287814
1758969542216,34.029846,-118.287819
1758969572196,34.029837,-118.28783
1758969602212,34.029836,-118.28783
1758969632196,34.029838,-118.287828
1758969662237,34.029838,-118.287826
1758969692202,34.029838,-118.287826
1758969722208,34.029839,-118.287826
1758969752186,34.029849,-118.2878
1758969785642,34.029856,-118.287788
1758969812226,34.029855,-118.287786
1758969842230,34.029855,-118.287787
1758969872342,34.029854,-118.287789
1758969902262,34.029855,-118.287786
1758969932230,34.029855,-118.28778
1758969962326,34.029853,-118.287758
1758969992208,34.029853,-118.287758
1758970022238,34.029853,-118.287756
1758970052222,34.029852,-118.287753
1758970082206,34.029852,-118.287753
1758970112227,34.029852,-118.287752
1758970142048,34.029853,-118.287751
1758970172210,34.029852,-118.287752
1758970202262,34.029852,-118.287753
1758970232210,34.029852,-118.287754
1758970262205,34.029852,-118.287753
1758970292264,34.029853,-118.287753
1758970322190,34.029852,-118.287753
1758970352222,34.029853,-118.287753
1758970382190,34.029853,-118.287752
1758970412198,34.029853,-118.287753
1758970442206,34.029853,-118.287754
1758970472210,34.029852,-118.287754
1758970502326,34.029853,-118.287753
1758970532207,34.029853,-118.287752
1758970562252,34.029853,-118.287752
1758970592184,34.029853,-118.287751
1758970622209,34.029853,-118.287751
1758970652228,34.029853,-118.287752
1758970682202,34.029853,-118.287751
1758970712225,34.029853,-118.287751
1758970742187,34.029853,-118.287752
1758970772241,34.029852,-118.287754
1758970802270,34.029853,-118.287755
1758970832178,34.029854,-118.287754
1758970862222,34.029853,-118.287751
1758970892271,34.029853,-118.287751
1758970922309,34.029852,-118.287751
1758970952183,34.029853,-118.287752
1758970982368,34.029852,-118.287753
1758971012392,34.029852,-118.287752
1758971042155,34.029852,-118.287752
1758971072205,34.029852,-118.287752
1758971102238,34.029852,-118.287753
1758971132170,34.029852,-118.287752
1758971162251,34.029852,-118.287753
1758971192370,34.029852,-118.287753
1758971222015,34.029852,-118.287752
1758971252189,34.029852,-118.287755
1758971282205,34.029852,-118.287754
1758971312177,34.029852,-118.287754
1758971342254,34.029853,-118.287751
1758971372205,34.029853,-118.287751
1758971402021,34.029853,-118.287751
1758971432186,34.029852,-118.287751
1758971462250,34.029853,-118.287751
1758971492223,34.029853,-118.287751
1758971522207,34.029853,-118.287751
1758971552309,34.029853,-118.287752
1758971582123,34.029853,-118.28775
1758971612171,34.029853,-118.287751
1758971642238,34.029853,-118.287752
1758971672204,34.029853,-118.287752
1758971702023,34.029852,-118.28775
1758971732181,34.029853,-118.28775
1758971762243,34.029853,-118.287752
1758971792165,34.029853,-118.287752
1758971822186,34.029853,-118.287751
1758971852178,34.029853,-118.287751
1758971882220,34.029853,-118.287751
1758971912230,34.029853,-118.287751
1758971942185,34.029853,-118.287753
1758971972204,34.029853,-118.287751
1758972002189,34.029853,-118.287751
1758972032170,34.029853,-118.28775
1758972062170,34.029853,-118.28775
1758972092182,34.029853,-118.287751
1758972122158,34.029853,-118.287751
1758972152394,34.029853,-118.28775
1758972182187,34.029852,-118.287751
1758972212150,34.029853,-118.287751
1758972242261,34.029852,-118.287752
1758972272144,34.029852,-118.287751
1758972302185,34.029853,-118.287752
1758972332183,34.029852,-118.287751
1758972362170,34.029849,-118.287741
1758972392045,34.029848,-118.28774
1758972422164,34.029847,-118.287738
1758972452140,34.029837,-118.287754
1758972482167,34.029835,-118.287757
1758972512146,34.029836,-118.287758
1758972542172,34.029836,-118.28776
1758972572161,34.029836,-118.28776
1758972602141,34.029835,-118.287759
1758972632136,34.029836,-118.287758
1758972662151,34.029835,-118.287757
1758972692170,34.029835,-118.287757
1758972722171,34.029835,-118.287757
1758972752159,34.029835,-118.287757
1758972782162,34.029836,-118.287758
1758972812146,34.029836,-118.287761
1758972842136,34.029836,-118.28776
1758972872145,34.029835,-118.28776
1758972902141,34.029835,-118.287759
1758972931997,34.029836,-118.287759
1758972962146,34.029837,-118.287759
1758972992136,34.029837,-118.287761
1758973022150,34.029836,-118.28776
1758973052142,34.029836,-118.287759
1758973082136,34.029837,-118.287759
1758973112143,34.029835,-118.287758
1758973142136,34.029835,-118.287757
1758973172156,34.029835,-118.287757
1758973202141,34.029835,-118.287758
1758973232140,34.029835,-118.287758
1758973262126,34.029836,-118.287758
1758973292131,34.029836,-118.287758
1758973322136,34.029835,-118.287759
1758973351996,34.029835,-118.287759
1758973382136,34.029836,-118.287759
1758973412126,34.029836,-118.287758
1758973442144,34.029837,-118.287761
1758973472159,34.029836,-118.287758
1758973501971,34.029836,-118.287758
1758973532138,34.029835,-118.287757
1758973562143,34.029836,-118.287758
1758973592126,34.029836,-118.287759
1758973622152,34.029835,-118.287758
1758973651976,34.029835,-118.287758
1758973682116,34.029835,-118.287759
1758973712126,34.029836,-118.287758
1758973742126,34.029835,-118.287757
1758973772126,34.029836,-118.287757
1758973802141,34.029836,-118.287757
1758973832146,34.029835,-118.287757
1758973862140,34.029836,-118.287757
1758973892134,34.029836,-118.287757
1758973922145,34.029837,-118.287756
1758973951946,34.029835,-118.287757
1758973982143,34.029836,-118.287757
1758974012148,34.029836,-118.287757
1758974041971,34.029836,-118.287758
1758974071971,34.029835,-118.287757
1758974102116,34.029835,-118.287757
1758974132135,34.029836,-118.287757
1758974162106,34.029837,-118.287758
1758974192120,34.029836,-118.287758
1758974222124,34.029836,-118.287758
1758974252106,34.029835,-118.287758
1758974282112,34.029836,-118.287758
1758974312119,34.029836,-118.287758
1758974342129,34.029837,-118.287758
1758974371952,34.029837,-118.287758
1758974402117,34.029837,-118.287757
1758974432096,34.029836,-118.287757
1758974462111,34.029836,-118.287757
1758974492096,34.029836,-118.287758
1758974521976,34.029835,-118.287757
1758974552124,34.029836,-118.287757
1758974582101,34.029835,-118.287757
1758974611926,34.029836,-118.287756
1758974642086,34.029835,-118.287757
1758974671956,34.029836,-118.287757
1758974702106,34.029836,-118.287757
1758974732096,34.029835,-118.287757
1758974762096,34.029837,-118.287756
1758974792116,34.029837,-118.287758
1758974821951,34.029838,-118.287756
1758974852099,34.029836,-118.287757
1758974882096,34.029815,-118.287801
1758974911966,34.029811,-118.287808
1758974942111,34.02981,-118.28781
1758974971922,34.02981,-118.28781
1758975002102,34.02981,-118.287811
1758975032091,34.029809,-118.287811
1758975062097,34.02981,-118.287811
1758975092086,34.029811,-118.287812
1758975122106,34.029811,-118.287811
1758975152092,34.029812,-118.287812
1758975182096,34.02981,-118.287811
1758975212096,34.029811,-118.287809
1758975242106,34.02981,-118.287811
1758975272087,34.02981,-118.287811
1758975302106,34.029811,-118.287812
1758975332096,34.029811,-118.287813
1758975362117,34.02981,-118.287812
1758975392102,34.02981,-118.287811
1758975422096,34.029811,-118.287812
1758975452110,34.029811,-118.287811
1758975482110,34.029811,-118.28781
1758975512106,34.029811,-118.287811
1758975542092,34.02981,-118.287811
1758975572096,34.029809,-118.287811
1758975602096,34.029811,-118.287811
1758975632086,34.029811,-118.28781
1758975662088,34.029813,-118.28781
1758975692103,34.029812,-118.287811
1758975722093,34.029816,-118.287806
1758975752076,34.029826,-118.287786
1758975782086,34.029829,-118.287782
1758975811926,34.02983,-118.287781
1758975842076,34.02983,-118.287781
1758975872089,34.02983,-118.287781
1758975902086,34.02983,-118.287782
1758975932081,34.02983,-118.287782
1758975962096,34.029829,-118.287782
1758975992091,34.02983,-118.287782
1758976022079,34.02983,-118.287781
1758976052076,34.029832,-118.287782
1758976082077,34.029838,-118.287766
1758976112109,34.029839,-118.287761
1758976142089,34.029839,-118.287763
1758976172066,34.02984,-118.287763
1758976202066,34.029838,-118.287762
1758976232085,34.029839,-118.287762
1758976262086,34.02984,-118.287762
1758976292079,34.029838,-118.28776
1758976322066,34.029838,-118.287761
1758976352081,34.029838,-118.287761
1758976382076,34.029838,-118.28776
1758976412066,34.029838,-118.287761
1758976442086,34.029839,-118.287761
1758976472088,34.029838,-118.287761
1758976502105,34.029837,-118.287761
1758976532081,34.029837,-118.287761
1758976562068,34.029837,-118.287762
1758976592066,34.029838,-118.287761
1758976622059,34.029839,-118.287761
1758976652094,34.029839,-118.287762
1758976682080,34.029837,-118.287762
1758976712073,34.029838,-118.287761
1758976742071,34.029838,-118.287762
1758976772071,34.029838,-118.28776
1758976802066,34.029838,-118.28776
1758976832066,34.029838,-118.287761
1758976862083,34.029838,-118.28776
1758976892080,34.029838,-118.287761
1758976922066,34.029838,-118.28776
1758976952066,34.029838,-118.287761
1758976982066,34.029838,-118.287761
1758977012071,34.029838,-118.287761
1758977042056,34.029838,-118.28776
1758977072078,34.029838,-118.28776
1758977102081,34.029838,-118.287761
1758977132084,34.029838,-118.287761
1758977162071,34.029838,-118.287761
1758977192069,34.029838,-118.28776
1758977222046,34.029838,-118.287761
1758977252066,34.029839,-118.287761
1758977282056,34.029838,-118.287763
1758977312057,34.029838,-118.287764
1758977342075,34.029838,-118.287761
1758977372061,34.029837,-118.287761
1758977402077,34.029838,-118.287761
1758977432061,34.029837,-118.287761
1758977462061,34.029837,-118.287761
1758977492081,34.029837,-118.287761
1758977522046,34.029838,-118.287761
1758977552046,34.029838,-118.28776
1758977582036,34.029838,-118.287761
1758977612056,34.029838,-118.287761
1758977642056,34.029837,-118.287762
1758977672046,34.029837,-118.287761
1758977702052,34.029837,-118.287761
1758977732055,34.029838,-118.287762
1758977762041,34.029836,-118.287763
1758977792036,34.029837,-118.287761
1758977822080,34.029831,-118.287787
1758977852062,34.029826,-118.287797
1758977882036,34.029822,-118.287804
1758977912061,34.029821,-118.287807
1758977942031,34.02982,-118.287807
1758977972036,34.029821,-118.287807
1758978002036,34.029821,-118.287807
1758978032040,34.029821,-118.287807
1758978062026,34.029821,-118.287806
1758978092056,34.029821,-118.287807
1758978122027,34.02982,-118.287805
1758978152026,34.029821,-118.287805
1758978182036,34.029821,-118.287807
1758978212047,34.029822,-118.287805
1758978242037,34.029821,-118.287807
1758978272031,34.029821,-118.287807
1758978302052,34.029822,-118.287807
1758978332036,34.029823,-118.287807
1758978362042,34.029821,-118.287807
1758978392031,34.029821,-118.287807
1758978422026,34.029821,-118.287807
1758978452032,34.029821,-118.287807
1758978482040,34.029821,-118.287807
1758978512046,34.029821,-118.287806
1758978542032,34.029821,-118.287807
1758978572041,34.029821,-118.287807
1758978602026,34.02982,-118.287807
1758978632037,34.029821,-118.287808
1758978662026,34.029821,-118.287808
1758978692046,34.029821,-118.287807
1758978722041,34.029821,-118.287807
1758978752031,34.029821,-118.287807
1758978782026,34.029821,-118.287807
1758978811861,34.029821,-118.287808
1758978842045,34.029821,-118.287806
1758978872026,34.029822,-118.287808
1758978902021,34.029821,-118.287807
1758978932031,34.029821,-118.287805
1758978962050,34.029822,-118.287806
1758978992048,34.029821,-118.287807
1758979022048,34.029821,-118.287807
1758979052031,34.029821,-118.287808
1758979082026,34.029821,-118.287807
1758979112020,34.029821,-118.287807
1758979142031,34.029821,-118.287808
1758979172026,34.029822,-118.287808
1758979202036,34.029821,-118.287808
1758979232036,34.029822,-118.287806
1758979262025,34.029823,-118.287805
1758979292031,34.029821,-118.287807
1758979322006,34.029821,-118.287808
1758979352021,34.029822,-118.287806
1758979382006,34.029822,-118.287807
1758979412031,34.029821,-118.287808
1758979442012,34.029822,-118.287807
1758979471871,34.029822,-118.287808
1758979502022,34.029821,-118.287808
1758979531852,34.029821,-118.287808
1758979562006,34.029822,-118.287807
1758979592023,34.029821,-118.287808
1758979621996,34.029821,-118.287806
1758979652006,34.029822,-118.287803
1758979682008,34.029821,-118.287806
1758979712002,34.029821,-118.287807
1758979742006,34.029821,-118.287807
1758979772036,34.029821,-118.287806
1758979802006,34.029821,-118.287806
1758979832016,34.029822,-118.287807
1758979861996,34.029822,-118.287807
1758979892016,34.029822,-118.287807
1758979922048,34.029821,-118.287807
1758979952006,34.029822,-118.287807
1758979982018,34.029821,-118.287806
1758980012006,34.029821,-118.287807
1758980042001,34.029821,-118.287807
1758980071996,34.029821,-118.287806
1758980102013,34.029821,-118.287807
1758980132019,34.029821,-118.287808
1758980162006,34.029821,-118.287808
1758980192006,34.029821,-118.287806
1758980222006,34.029821,-118.287807
1758980252001,34.029822,-118.287806
1758980282012,34.029821,-118.287806
1758980312001,34.029821,-118.287806
1758980342017,34.029821,-118.287807
1758980372005,34.029821,-118.287808
1758980402024,34.029821,-118.287807
1758980432001,34.029821,-118.287807
1758980461996,34.029821,-118.287807
1758980491996,34.029822,-118.287806
1758980521996,34.029822,-118.287807
1758980551996,34.029822,-118.287807
1758980581995,34.029821,-118.287808
1758980611986,34.029821,-118.287807
1758980641996,34.029821,-118.287807
1758980671986,34.029821,-118.287807
1758980702011,34.029821,-118.287809
1758980732023,34.029821,-118.287807
1758980762011,34.029822,-118.287806
1758980792051,34.029821,-118.287807
1758980821986,34.029821,-118.287807
1758980852001,34.029822,-118.287807
1758980881998,34.029822,-118.287807
1758980911992,34.029821,-118.287808
1758980941978,34.02982,-118.287809
1758980971856,34.029822,-118.287808
1758981001986,34.029821,-118.287808
1758981032015,34.029821,-118.287808
1758981061991,34.029821,-118.287808
1758981091986,34.029821,-118.287808
1758981121981,34.029821,-118.287807
1758981151994,34.029821,-118.287808
1758981181985,34.029821,-118.287807
1758981211991,34.029821,-118.287807
1758981241981,34.029821,-118.287808
1758981271981,34.029821,-118.287808
1758981301861,34.029827,-118.287793
1758981332006,34.029832,-118.287781
1758981361994,34.029832,-118.28778
1758981391853,34.029833,-118.28778
1758981422009,34.029832,-118.287779
1758981451989,34.029834,-118.287779
1758981481998,34.029832,-118.287779
1758981511848,34.029832,-118.287779
1758981542041,34.029832,-118.287779
1758981571985,34.029832,-118.287779
1758981601844,34.029832,-118.287779
1758981632017,34.029832,-118.28778
1758981661981,34.029832,-118.287779
1758981691979,34.029833,-118.28778
1758981721984,34.029833,-118.287779
1758981752127,34.029833,-118.28778
1758981781988,34.029833,-118.287779
1758981811985,34.029832,-118.28778
1758981841977,34.029819,-118.287815
1758981871986,34.029817,-118.287821
1758981901986,34.029816,-118.287823
1758981931984,34.029816,-118.287823
1758981961967,34.029816,-118.287823
1758981991961,34.029816,-118.287823
1758982021985,34.029816,-118.287823
1758982051966,34.029816,-118.287823
1758982081966,34.029817,-118.287823
1758982111959,34.029817,-118.287823
1758982141966,34.029818,-118.287822
1758982171987,34.029816,-118.287823
1758982201961,34.029819,-118.28782
1758982231966,34.029817,-118.287823
1758982261956,34.029815,-118.287823
1758982291966,34.029816,-118.287823
1758982321966,34.029816,-118.287823
1758982352012,34.029817,-118.287823
1758982381966,34.029817,-118.287822
1758982411997,34.029817,-118.287823
1758982441966,34.029817,-118.287823
1758982471806,34.029818,-118.287824
1758982501968,34.029819,-118.287823
1758982531956,34.02982,-118.287822
1758982561983,34.029822,-118.28782
1758982591956,34.029822,-118.287816
1758982621952,34.029822,-118.287815
1758982651956,34.029821,-118.287815
1758982681962,34.029821,-118.287814
1758982711957,34.029821,-118.287814
1758982741951,34.029821,-118.287814
1758982771956,34.029821,-118.287813
1758982801946,34.029821,-118.287815
1758982831957,34.029822,-118.287814
1758982861946,34.029821,-118.287814
1758982891946,34.029826,-118.287818
1758982921946,34.029829,-118.287823
1758982951958,34.029829,-118.287824
1758982981936,34.029829,-118.287824
1758983011961,34.029829,-118.287823
1758983041948,34.02983,-118.287823
1758983071975,34.029831,-118.287823
1758983101936,34.02983,-118.287824
1758983131936,34.02983,-118.287824
1758983161941,34.029831,-118.287825
1758983191941,34.029829,-118.287824
1758983221946,34.029829,-118.287823
1758983251954,34.02983,-118.287823
1758983281941,34.029829,-118.287823
1758983311951,34.029833,-118.287821
1758983341947,34.029831,-118.287823
1758983371806,34.02983,-118.287821
1758983401936,34.029831,-118.287823
1758983431946,34.02983,-118.287824
1758983461970,34.02983,-118.287823
1758983491926,34.029831,-118.287822
1758983521936,34.02983,-118.287824
1758983551926,34.029831,-118.287823
1758983581956,34.02983,-118.287824
1758983611946,34.029831,-118.287823
1758983641954,34.029832,-118.287824
1758983671951,34.029832,-118.287825
1758983701936,34.029831,-118.287824
1758983731921,34.02983,-118.287824
1758983761941,34.02983,-118.287824
1758983791942,34.029831,-118.287823
1758983821936,34.02983,-118.287823
1758983851946,34.02983,-118.287824
1758983881936,34.029832,-118.287822
1758983911955,34.02983,-118.287823
1758983941926,34.02983,-118.287823
1758983971930,34.02983,-118.287823
1758984001944,34.02983,-118.287823
1758984031951,34.02983,-118.287824
1758984061932,34.02983,-118.287824
1758984091932,34.02983,-118.287824
1758984121941,34.02983,-118.287824
1758984151947,34.029831,-118.287824
1758984181926,34.029829,-118.287824
1758984211945,34.02983,-118.287824
1758984241946,34.02983,-118.287824
1758984271926,34.02983,-118.287823
1758984301944,34.02983,-118.287822
1758984331951,34.029831,-118.287824
1758984361911,34.02983,-118.287823
1758984391933,34.02983,-118.287824
1758984421906,34.02983,-118.287824
1758984451945,34.029831,-118.287825
1758984481907,34.029831,-118.287824
1758984511945,34.02983,-118.287825
1758984541916,34.02983,-118.287824
1758984571921,34.029829,-118.287824
1758984601917,34.029831,-118.287824
1758984631916,34.029831,-118.287823
1758984661930,34.02983,-118.287823
1758984691931,34.029831,-118.287825
1758984721911,34.029829,-118.287823
1758984751932,34.029829,-118.287823
1758984781761,34.029829,-118.287824
1758984811921,34.029829,-118.287824
1758984841911,34.029829,-118.287824
1758984871902,34.029829,-118.287823
1758984901921,34.02983,-118.287823
1758984931911,34.029831,-118.287822
1758984961906,34.02983,-118.287823
1758984991926,34.02983,-118.287823
1758985021911,34.02983,-118.287823
1758985051936,34.02983,-118.287822
1758985081901,34.02983,-118.287822
1758985111906,34.029829,-118.287823
1758985141900,34.029831,-118.287822
1758985171916,34.029832,-118.287822
1758985201911,34.029831,-118.287823
1758985231901,34.029831,-118.287822
1758985261896,34.029833,-118.287816
1758985291896,34.029844,-118.287807
1758985321906,34.029853,-118.287799
1758985351912,34.029856,-118.287797
1758985381891,34.029856,-118.287795
1758985411921,34.029857,-118.287795
1758985441901,34.029857,-118.287796
1758985471921,34.029856,-118.287797
1758985501906,34.029858,-118.287797
1758985531920,34.029859,-118.287796
1758985561905,34.029858,-118.287796
1758985591906,34.029857,-118.287795
1758985621911,34.029852,-118.287794
1758985651901,34.029842,-118.287791
1758985681906,34.029839,-118.287786
1758985711896,34.029837,-118.287782
1758985741897,34.029836,-118.287783
1758985771896,34.029833,-118.287785
1758985801902,34.029832,-118.287786
1758985831900,34.029833,-118.287785
1758985861876,34.029836,-118.287783
1758985891912,34.029834,-118.287784
1758985921963,34.029832,-118.287786
1758985951896,34.029832,-118.287786
1758985981888,34.029834,-118.287785
1758986011895,34.029834,-118.287786
1758986041886,34.029833,-118.287785
1758986072396,34.029833,-118.287785
1758986101876,34.029833,-118.287785
1758986131751,34.029833,-118.287786
1758986161893,34.029832,-118.287797
1758986191886,34.029827,-118.287812
1758986221876,34.029828,-118.287813
1758986252432,34.029817,-118.28781
1758986281908,34.029819,-118.287805
1758986311746,34.029818,-118.287805
1758986341876,34.029816,-118.287808
1758986371728,34.029814,-118.28781
1758986401891,34.029813,-118.287809
1758986431770,34.029814,-118.28781
1758986461891,34.029815,-118.287808
1758986491886,34.029814,-118.287809
1758986521866,34.029815,-118.287808
1758986551886,34.029813,-118.287809
1758986581884,34.029814,-118.287809
1758986611904,34.029813,-118.287809
1758986641721,34.029815,-118.287808
1758986671871,34.029815,-118.287804
1758986701866,34.029815,-118.287805
1758986731866,34.029815,-118.287805
1758986761881,34.029817,-118.287802
1758986791736,34.029815,-118.287807
1758986821882,34.029815,-118.287805
1758986851881,34.029814,-118.287809
1758986881897,34.029815,-118.287809
1758986911895,34.029814,-118.287809
1758986941891,34.029815,-118.287809
1758986971871,34.029814,-118.287809
1758987001879,34.029814,-118.287809
1758987031893,34.029814,-118.287809
1758987061866,34.029814,-118.28781
1758987091696,34.029814,-118.287808
1758987121723,34.029816,-118.287806
1758987151881,34.029815,-118.287806
1758987181876,34.029814,-118.287806
1758987211856,34.029815,-118.287804
1758987241881,34.029817,-118.287807
1758987271872,34.02982,-118.287796
1758987301867,34.029822,-118.287793
1758987331878,34.029821,-118.287791
1758987361883,34.029822,-118.28779
1758987391881,34.029821,-118.28779
1758987421866,34.029823,-118.287789
1758987451871,34.029821,-118.287788
1758987481891,34.029823,-118.287789
1758987511856,34.02982,-118.287791
1758987541856,34.029821,-118.287789
1758987571873,34.029823,-118.28779
1758987601857,34.029824,-118.28779
1758987631872,34.029833,-118.287781
1758987661865,34.029834,-118.287781
1758987691871,34.029836,-118.28778
1758987721856,34.029836,-118.28778
1758987751862,34.029836,-118.28778
1758987781862,34.029836,-118.287781
1758987811846,34.029836,-118.287781
1758987841866,34.029835,-118.287782
1758987871861,34.029835,-118.287781
1758987901846,34.029836,-118.287781
1758987931851,34.029837,-118.287779
1758987961836,34.029837,-118.287779
1758987991856,34.029835,-118.28778
1758988021860,34.029836,-118.28778
1758988051862,34.029835,-118.287781
1758988081870,34.029835,-118.28778
1758988111866,34.029835,-118.28778
1758988141856,34.029814,-118.287782
1758988171863,34.029808,-118.287784
1758988201856,34.029806,-118.287784
1758988231721,34.029803,-118.287784
1758988261836,34.029804,-118.287784
1758988291836,34.029803,-118.287785
1758988321856,34.029804,-118.287785
1758988351852,34.029804,-118.287787
1758988381872,34.029805,-118.287785
1758988411836,34.029806,-118.287784
1758988441696,34.029804,-118.287784
1758988471846,34.029803,-118.287785
1758988501696,34.029803,-118.287785
1758988531826,34.029803,-118.287785
1758988561842,34.029803,-118.287785
1758988591696,34.029803,-118.287785
1758988621854,34.029803,-118.287784
1758988651861,34.029805,-118.287782
1758988681857,34.029804,-118.287784
1758988711846,34.029804,-118.287785
1758988741852,34.029804,-118.287784
1758988771841,34.029804,-118.287784
1758988801826,34.029804,-118.287785
1758988831848,34.029804,-118.287786
1758988861850,34.029804,-118.287784
1758988891651,34.029804,-118.287784
1758988921836,34.029803,-118.287784
1758988951841,34.029803,-118.287785
1758988981691,34.029803,-118.287784
1758989011826,34.029803,-118.287784
1758989041701,34.029803,-118.287784
1758989071851,34.029802,-118.287785
1758989101842,34.029802,-118.287786
1758989131846,34.029804,-118.287786
1758989161651,34.029803,-118.287785
1758989191836,34.029804,-118.287784
1758989221686,34.029804,-118.287784
1758989251828,34.029803,-118.287785
1758989281676,34.029825,-118.287792
1758989311714,34.02984,-118.287804
1758989341867,34.029842,-118.287794
1758989371710,34.029843,-118.28779
1758989401866,34.029843,-118.287791
1758989431869,34.029843,-118.287787
1758989461904,34.029843,-118.287787
1758989491929,34.02984,-118.287788
1758989521859,34.029841,-118.28779
1758989551885,34.02984,-118.287789
1758989581882,34.02984,-118.28779
1758989611861,34.029841,-118.287792
1758989641830,34.029842,-118.287795
1758989671835,34.02984,-118.28779
1758989701878,34.02984,-118.287789
1758989731849,34.029842,-118.287795
1758989761835,34.02984,-118.287789
1758989791880,34.02984,-118.287788
1758989821938,34.02984,-118.287788
1758989851858,34.029843,-118.287797
1758989881902,34.029843,-118.287797
1758989912109,34.029844,-118.287801
1758989941906,34.029842,-118.287796
1758989971832,34.029842,-118.287794
1758990001866,34.029842,-118.287794
1758990031823,34.02984,-118.28779
1758990061922,34.02984,-118.28779
1758990091843,34.02984,-118.287789
1758990121816,34.02984,-118.287789
1758990151829,34.02984,-118.28779
1758990181866,34.029842,-118.287794
1758990211921,34.029841,-118.287793
1758990241913,34.029841,-118.287791
1758990271903,34.029841,-118.287791
1758990301846,34.029841,-118.287792
1758990331847,34.029841,-118.287792
1758990361829,34.029841,-118.287791
1758990391844,34.029841,-118.287793
1758990422130,34.029841,-118.287791
1758990451820,34.029842,-118.287795
1758990481900,34.02984,-118.287789
1758990511824,34.02984,-118.287787
1758990541831,34.029839,-118.287787
1758990571889,34.029858,-118.287769
1758990601689,34.029863,-118.287765
1758990631841,34.029864,-118.287765
1758990661895,34.029864,-118.287765
1758990691898,34.029864,-118.287768
1758990721892,34.029865,-118.287763
1758990751862,34.029865,-118.287763
1758990781813,34.029864,-118.287763
1758990811811,34.029865,-118.287763
1758990841951,34.029865,-118.287763
1758990871838,34.029864,-118.287766
1758990901837,34.029864,-118.287765
1758990931899,34.029864,-118.287766
1758990961833,34.029864,-118.287768
1758990991821,34.029863,-118.287771
1758991021860,34.029864,-118.28777
1758991051842,34.029849,-118.287776
1758991081818,34.029838,-118.287778
1758991111809,34.029835,-118.287777
1758991141886,34.029835,-118.287778
1758991171914,34.029835,-118.287778
1758991201889,34.029835,-118.287778
1758991231807,34.029835,-118.287779
1758991261847,34.029832,-118.287806
1758991291845,34.02983,-118.287825
1758991321803,34.029829,-118.28783
1758991351821,34.029827,-118.287831
1758991381869,34.02983,-118.287832
1758991411837,34.029822,-118.287826
1758991441789,34.029812,-118.287816
1758991471829,34.029807,-118.287812
1758991501811,34.029804,-118.28781
1758991531883,34.029805,-118.28781
1758991561783,34.029815,-118.287802
1758991591813,34.029819,-118.287801
1758991621877,34.02982,-118.287799
1758991651877,34.02982,-118.287799
1758991681941,34.029821,-118.2878
1758991712033,34.029825,-118.287804
1758991741788,34.02982,-118.287798
1758991771804,34.029819,-118.287797
1758991802004,34.02982,-118.287798
1758991831929,34.029819,-118.287797
1758991861927,34.029819,-118.287797
1758991891817,34.02982,-118.287799
1758991921788,34.029818,-118.287797
1758991951810,34.029819,-118.287798
1758991981891,34.02982,-118.287798
1758992011858,34.02982,-118.287798
1758992041797,34.029818,-118.287796
1758992071828,34.029832,-118.287818
1758992101833,34.029836,-118.287823
1758992131805,34.029837,-118.287825
1758992161886,34.029837,-118.287825
1758992191826,34.029837,-118.287825
1758992221773,34.029837,-118.287825
1758992251829,34.029837,-118.287825
1758992281942,34.029837,-118.287825
1758992311805,34.029837,-118.287825
1758992341891,34.029838,-118.287826
1758992371786,34.029837,-118.287825
1758992401809,34.029837,-118.287825
1758992431801,34.029838,-118.287826
1758992461872,34.029838,-118.287826
1758992491789,34.029838,-118.287826
1758992521829,34.029837,-118.287825
1758992551849,34.029838,-118.287826
1758992581791,34.029837,-118.287825
1758992611817,34.029838,-118.287825
1758992641808,34.029838,-118.287826
1758992671828,34.029838,-118.287826
1758992701860,34.029838,-118.287826
1758992731838,34.029838,-118.287826
1758992761766,34.029838,-118.287825
1758992791797,34.029837,-118.287825
1758992821785,34.029839,-118.287826
1758992851785,34.029837,-118.287825
1758992881797,34.029837,-118.287825
1758992911772,34.029837,-118.287825
1758992941770,34.029837,-118.287825
1758992971774,34.029837,-118.287825
1758993001796,34.029837,-118.287825
1758993031945,34.029837,-118.287825
1758993061849,34.029838,-118.287826
1758993091777,34.029837,-118.287825
1758993121806,34.029836,-118.287825
1758993151801,34.029836,-118.287825
1758993181859,34.029837,-118.287825
1758993211825,34.029837,-118.287825
1758993241820,34.029837,-118.287825
1758993271759,34.029837,-118.287825
1758993301799,34.029837,-118.287825
1758993331785,34.029837,-118.287825
1758993361851,34.029838,-118.287825
1758993391800,34.029838,-118.287826
1758993421870,34.029837,-118.287825
1758993451877,34.029838,-118.287825
1758993481797,34.029838,-118.287826
1758993511797,34.029838,-118.287826
1758993541896,34.029836,-118.287825
1758993572008,34.02982,-118.287817
1758993601637,34.029797,-118.287806
1758993631762,34.029794,-118.287805
1758993661780,34.029795,-118.287805
1758993691859,34.029795,-118.287805
1758993721763,34.029793,-118.287804
1758993751798,34.029797,-118.287804
1758993781811,34.029817,-118.287801
1758993811766,34.029824,-118.287796
1758993841774,34.029827,-118.287795
1758993871887,34.029828,-118.287796
1758993902139,34.02983,-118.287799
1758993931963,34.029829,-118.287798
1758993961853,34.029828,-118.287801
1758993991850,34.029814,-118.287801
1758994021789,34.029809,-118.287801
1758994051860,34.02981,-118.287802
1758994081765,34.029807,-118.287801
1758994111780,34.029809,-118.287802
1758994141771,34.029809,-118.287802
1758994171923,34.02981,-118.287803
1758994201873,34.02981,-118.287803
1758994231783,34.02981,-118.287803
1758994261768,34.02981,-118.287803
1758994291748,34.029809,-118.287802
1758994321854,34.029811,-118.287804
1758994351770,34.029809,-118.287802
1758994381774,34.029809,-118.287802
1758994411966,34.029808,-118.287801
1758994441747,34.029808,-118.287801
1758994471856,34.029809,-118.287802
1758994501825,34.029809,-118.287802
1758994531766,34.029809,-118.287802
1758994561782,34.029808,-118.287801
1758994591745,34.029809,-118.287802
1758994621758,34.02981,-118.287803
1758994651817,34.02981,-118.287803
1758994681982,34.02981,-118.287802
1758994711793,34.029811,-118.287803
1758994741757,34.029809,-118.287802
1758994771767,34.029811,-118.287803
1758994801785,34.029808,-118.287801
1758994831816,34.029808,-118.287801
1758994861747,34.02981,-118.287802
1758994891891,34.029809,-118.287802
1758994921869,34.029809,-118.287802
1758994951786,34.029816,-118.287807
1758994981716,34.029812,-118.287804
1758995011830,34.029808,-118.287801
1758995041790,34.029809,-118.287802
1758995071758,34.029809,-118.287802
1758995101882,34.029809,-118.287802
1758995131783,34.029809,-118.287802
1758995161738,34.029811,-118.287803
1758995191826,34.029811,-118.287803
1758995221791,34.029808,-118.287801
1758995251818,34.029809,-118.287802
1758995281766,34.029808,-118.287801
1758995311810,34.029808,-118.287801
1758995341809,34.029811,-118.287803
1758995371866,34.029808,-118.287801
1758995401760,34.029807,-118.287801
1758995431742,34.029807,-118.2878
1758995461749,34.029808,-118.287801
1758995491801,34.029809,-118.287802
1758995521745,34.029809,-118.287802
1758995551773,34.029808,-118.287801
1758995581820,34.029809,-118.287802
1758995611806,34.029809,-118.287802
1758995641744,34.029812,-118.287804
1758995671785,34.02981,-118.287803
1758995701789,34.029808,-118.287801
1758995731777,34.029808,-118.287801
1758995761711,34.02981,-118.287803
1758995791754,34.02981,-118.287803
1758995821741,34.029809,-118.287802
1758995851722,34.029812,-118.287804
1758995881820,34.029812,-118.287804
1758995911763,34.02981,-118.287802
1758995941757,34.029809,-118.287802
1758995971728,34.02981,-118.287803
1758996001722,34.029809,-118.287802
1758996031870,34.029809,-118.287802
1758996061725,34.029811,-118.287803
1758996091730,34.029809,-118.287802
1758996121790,34.029807,-118.2878
1758996151742,34.029807,-118.2878
1758996181723,34.029807,-118.2878
1758996211725,34.029808,-118.287801
1758996241725,34.029808,-118.287801
1758996271845,34.029807,-118.287801
1758996301816,34.029807,-118.287801
1758996331740,34.029808,-118.287801
1758996361720,34.029808,-118.287801
1758996391841,34.029811,-118.287804
1758996421810,34.02981,-118.287803
1758996451722,34.029811,-118.287804
1758996481741,34.029811,-118.287799
1758996511723,34.029811,-118.287787
1758996541928,34.029812,-118.287787
1758996571789,34.029813,-118.287788
1758996601573,34.029817,-118.287792
1758996631704,34.029815,-118.28779
1758996661803,34.029813,-118.287788
1758996691724,34.029819,-118.287786
1758996721721,34.029823,-118.287783
1758996751730,34.029825,-118.287785
1758996782073,34.029824,-118.287782
1758996811791,34.029824,-118.287782
1758996841725,34.029824,-118.287782
1758996871758,34.029824,-118.287782
1758996901746,34.029824,-118.287783
1758996931710,34.029824,-118.287782
1758996961716,34.029819,-118.287786
1758996991701,34.029796,-118.287797
1758997021726,34.029791,-118.287798
1758997051758,34.029787,-118.287796
1758997081702,34.029786,-118.287796
1758997111786,34.029785,-118.287796
1758997141721,34.029784,-118.287795
1758997171726,34.029785,-118.287796
1758997201522,34.029811,-118.287793
1758997231528,34.029818,-118.287807
1758997261531,34.029821,-118.287798
1758997291538,34.029833,-118.287763
1758997321869,34.029831,-118.287771
1758997351718,34.029827,-118.287771
1758997381707,34.029818,-118.287788
1758997411841,34.029819,-118.287796
1758997441682,34.029814,-118.287804
1758997471709,34.029827,-118.287795
1758997501726,34.029831,-118.287791
1758997531707,34.029832,-118.287791
1758997561699,34.029832,-118.287789
1758997591727,34.029832,-118.287788
1758997621697,34.029832,-118.287788
1758997651690,34.029832,-118.287789
1758997681709,34.029831,-118.287789
1758997711688,34.029829,-118.287794
1758997741685,34.029828,-118.287795
1758997771721,34.029828,-118.287796
1758997801718,34.029828,-118.287796
1758997831728,34.029828,-118.287796
1758997861684,34.029828,-118.287796
1758997891701,34.029831,-118.287799
1758997921727,34.029833,-118.287801
1758997951746,34.029833,-118.287798
1758997981685,34.029833,-118.287797
1758998011742,34.029833,-118.287798
1758998041728,34.029833,-118.287796
1758998071701,34.029833,-118.287796
1758998101559,34.029834,-118.287795
1758998131722,34.029835,-118.28779
1758998161823,34.029841,-118.287818
1758998191700,34.029847,-118.287842
1758998221662,34.02985,-118.287845
1758998251709,34.02985,-118.287845
1758998281725,34.02985,-118.287845
1758998311852,34.02985,-118.287845
1758998341724,34.02985,-118.287845
1758998371652,34.029848,-118.287827
1758998401769,34.029846,-118.287804
1758998431672,34.029844,-118.287791
1758998461713,34.029843,-118.287784
1758998491673,34.029843,-118.287782
1758998521684,34.029843,-118.287782
1758998551701,34.029839,-118.287794
1758998581701,34.029838,-118.287799
1758998611688,34.029837,-118.287801
1758998641675,34.029837,-118.287801
1758998671677,34.029837,-118.287804
1758998701710,34.029841,-118.287802
1758998731642,34.029841,-118.287801
1758998761709,34.029841,-118.287801
1758998791702,34.029841,-118.287801
1758998821664,34.029841,-118.287801
1758998851871,34.029841,-118.287801
1758998881701,34.029841,-118.287801
1758998911709,34.029842,-118.287802
1758998941682,34.029841,-118.287801
1758998971698,34.029841,-118.287801
1758999001677,34.029842,-118.287802
1758999031679,34.029839,-118.287793
1758999061702,34.029839,-118.28779
1758999091672,34.029839,-118.287789
1758999121687,34.029838,-118.287788
1758999151664,34.029839,-118.287788
1758999181666,34.029839,-118.28779
1758999211689,34.029838,-118.287788
1758999241690,34.029838,-118.287788
1758999271677,34.029839,-118.287788
1758999301684,34.029838,-118.287788
1758999331682,34.029837,-118.287792
1758999361687,34.029838,-118.287799
1758999391686,34.029838,-118.2878
1758999421502,34.029838,-118.2878
1758999451690,34.029838,-118.2878
1758999481690,34.029838,-118.287801
1758999511665,34.029838,-118.287801
1758999541657,34.029838,-118.287801
1758999571685,34.029838,-118.287801
1758999601507,34.029838,-118.287802
1758999631524,34.029853,-118.28779
1758999661655,34.029865,-118.287778
1758999691803,34.029866,-118.287777
1758999721725,34.029866,-118.287778
1758999751687,34.029865,-118.287778
1758999781658,34.029865,-118.287781
1758999811737,34.029848,-118.287773
1758999841669,34.029847,-118.287773
1758999871681,34.029847,-118.287767
1758999901666,34.029847,-118.28777
1758999931682,34.029847,-118.287772
1758999961650,34.029847,-118.287772
1758999991620,34.029847,-118.287771
1759000021665,34.029847,-118.287769
1759000051690,34.029847,-118.28777
1759000081667,34.029847,-118.287768
1759000111669,34.029847,-118.287771
1759000141644,34.029847,-118.287769
1759000171650,34.029847,-118.287768
1759000201672,34.029847,-118.287769
1759000231782,34.029847,-118.287768
1759000261631,34.029847,-118.287767
1759000291619,34.029847,-118.287768
1759000321682,34.029851,-118.287776
1759000351684,34.029865,-118.287778
1759000381637,34.029869,-118.287778
1759000411630,34.02987,-118.287778
1759000441644,34.02987,-118.287778
1759000471648,34.02987,-118.287778
1759000501665,34.029866,-118.287771
1759000531610,34.029865,-118.287761
1759000561745,34.029864,-118.287769
1759000591635,34.029857,-118.287784
1759000621646,34.029854,-118.287788
1759000651642,34.029861,-118.287764
1759000681623,34.029861,-118.287764
1759000711648,34.029861,-118.287763
1759000741661,34.029861,-118.287764
1759000771812,34.029861,-118.287764
1759000801665,34.029861,-118.287764
1759000831636,34.029847,-118.287798
1759000861891,34.029846,-118.287799
1759000891725,34.029846,-118.287799
1759000921654,34.029845,-118.287799
1759000951623,34.029845,-118.287799
1759000981607,34.029845,-118.287799
1759001011612,34.029845,-118.287799
1759001041727,34.029845,-118.287799
1759001071665,34.029845,-118.287799
1759001101631,34.029845,-118.287799
1759001131677,34.029845,-118.287798
1759001161610,34.029845,-118.287798
1759001191666,34.029845,-118.287798
1759001221665,34.029845,-118.287798
1759001251630,34.029845,-118.287798
1759001281634,34.029845,-118.287798
1759001311630,34.029845,-118.287799
1759001341649,34.029845,-118.287799
1759001371790,34.029845,-118.287799
1759001401710,34.029845,-118.287799
1759001431649,34.029845,-118.287799
1759001461623,34.029845,-118.287799
1759001491645,34.029845,-118.287799
1759001521636,34.029845,-118.287799
1759001551649,34.029845,-118.287799
1759001581645,34.029845,-118.287799
1759001611636,34.029845,-118.287799
1759001641689,34.029845,-118.287798
1759001671606,34.029845,-118.287798
1759001701685,34.029845,-118.287798
1759001731643,34.029845,-118.287798
1759001761629,34.029845,-118.287798
1759001791608,34.029845,-118.287798
1759001821657,34.029845,-118.287798
1759001851622,34.029845,-118.287798
1759001881661,34.029845,-118.287798
1759001911638,34.029845,-118.287798
1759001941603,34.029845,-118.287798
1759001971590,34.029845,-118.287798
1759002001622,34.029845,-118.287798
1759002031610,34.029845,-118.287799
1759002061617,34.029825,-118.28781
1759002091621,34.02982,-118.287814
1759002121618,34.029817,-118.287815
1759002151846,34.029815,-118.287817
1759002181605,34.029815,-118.287817
1759002211628,34.029814,-118.287818
1759002241602,34.029813,-118.287818
1759002271584,34.029812,-118.287818
1759002301587,34.029812,-118.287818
1759002331658,34.029812,-118.287818
1759002361602,34.029812,-118.287818
1759002391567,34.029812,-118.287818
1759002421579,34.029812,-118.287818
1759002451598,34.029812,-118.287818
1759002481587,34.029812,-118.287818
1759002511721,34.029812,-118.287818
1759002541578,34.029817,-118.287812
1759002571599,34.029833,-118.287778
1759002601439,34.029835,-118.287773
1759002631624,34.029845,-118.287785
1759002661613,34.029841,-118.287776
1759002691602,34.029839,-118.287772
1759002721581,34.029839,-118.287772
1759002751602,34.029838,-118.287769
1759002781610,34.029838,-118.287769
1759002811648,34.029839,-118.28777
1759002841590,34.029839,-118.28777
1759002871617,34.029839,-118.28777
1759002901606,34.029839,-118.287771
1759002931602,34.029839,-118.287771
1759002961625,34.029839,-118.287773
1759002991690,34.02984,-118.287773
1759003021609,34.02984,-118.287774
1759003051802,34.029839,-118.28777
1759003081593,34.029839,-118.28777
1759003111438,34.029839,-118.28777
1759003141627,34.02984,-118.287774
1759003171591,34.029833,-118.287767
1759003201567,34.029833,-118.287767
1759003231605,34.02983,-118.287789
1759003261606,34.029829,-118.287796
1759003291620,34.029828,-118.287802
1759003321568,34.029827,-118.287802
1759003351581,34.029827,-118.287803
1759003381598,34.029827,-118.287803
1759003411605,34.029827,-118.287803
1759003441555,34.029827,-118.287803
1759003471582,34.029829,-118.287804
1759003501596,34.029828,-118.287804
1759003531537,34.029828,-118.287804
1759003561578,34.029828,-118.287804
1759003591578,34.029828,-118.287803
1759003621563,34.029828,-118.287803
1759003651588,34.029828,-118.287803
1759003681587,34.029827,-118.287803
1759003711549,34.029828,-118.287804
1759003741611,34.029828,-118.287803
1759003771590,34.029828,-118.287804
1759003801585,34.029829,-118.287804
1759003831577,34.02983,-118.287805
1759003861575,34.029828,-118.287803
1759003891599,34.029828,-118.287803
1759003921603,34.029828,-118.287803
1759003951562,34.029827,-118.287803
1759003981535,34.029828,-118.287803
1759004011581,34.029827,-118.287803
1759004041585,34.029828,-118.287803
1759004071609,34.029828,-118.287803
1759004101537,34.029829,-118.287805
1759004131562,34.029828,-118.287804
1759004161572,34.029829,-118.287805
1759004191566,34.029829,-118.287805
1759004221572,34.029829,-118.287804
1759004251562,34.029828,-118.287803
1759004281548,34.029828,-118.287804
1759004311531,34.029828,-118.287803
1759004341547,34.029829,-118.287805
1759004371600,34.029829,-118.287804
1759004401561,34.029828,-118.287803
1759004431569,34.029827,-118.287803
1759004461548,34.029829,-118.287805
1759004491582,34.029829,-118.287804
1759004521553,34.029828,-118.287803
1759004551528,34.029824,-118.287804
1759004581584,34.029822,-118.287805
1759004611559,34.029822,-118.287805
1759004641582,34.029821,-118.287805
1759004671549,34.029822,-118.287806
1759004701533,34.029822,-118.287806
1759004731526,34.029822,-118.287806
1759004761565,34.029821,-118.287805
1759004791578,34.029822,-118.287806
1759004821581,34.029822,-118.287805
1759004851550,34.029821,-118.287805
1759004881571,34.029822,-118.287806
1759004911398,34.029823,-118.287807
1759004941548,34.029821,-118.287805
1759004971543,34.029821,-118.287805
1759005001594,34.029821,-118.287805
1759005031623,34.029822,-118.287806
1759005061553,34.029821,-118.287804
1759005091527,34.029823,-118.287807
1759005121551,34.029821,-118.287805
1759005151557,34.029821,-118.287804
1759005181763,34.029822,-118.287806
1759005211525,34.029821,-118.287804
1759005241536,34.029821,-118.287805
1759005271534,34.029821,-118.287804
1759005301528,34.029821,-118.287805
1759005331566,34.029822,-118.287806
1759005361546,34.029821,-118.287805
1759005391386,34.029821,-118.287804
1759005421529,34.029821,-118.287804
1759005451578,34.029821,-118.287805
1759005481533,34.029821,-118.287805
1759005511541,34.029822,-118.287806
1759005541721,34.029823,-118.287807
1759005571537,34.029823,-118.287807
1759005601386,34.029822,-118.287806
1759005631562,34.029823,-118.287807
1759005661565,34.029821,-118.287805
1759005691586,34.029821,-118.287805
1759005721577,34.029821,-118.287804
1759005751566,34.029821,-118.287804
1759005781542,34.029821,-118.287805
1759005811561,34.029821,-118.287805
1759005841585,34.029821,-118.287805
1759005871561,34.029821,-118.287805
1759005901698,34.029821,-118.287805
1759005931562,34.029822,-118.287805
1759005961541,34.029822,-118.287805
1759005991544,34.029822,-118.287805
1759006021550,34.029822,-118.287806
1759006051529,34.029821,-118.287805
1759006081541,34.029822,-118.287806
1759006111569,34.029824,-118.287807
1759006141531,34.029821,-118.287805
1759006171542,34.029826,-118.287798
1759006201537,34.029835,-118.287787
1759006231545,34.029837,-118.287787
1759006261509,34.029837,-118.287787
1759006291561,34.029837,-118.287785
1759006321525,34.029837,-118.287785
1759006351563,34.029838,-118.287806
1759006381545,34.029839,-118.287812
1759006411502,34.029839,-118.287814
1759006441551,34.029839,-118.287814
1759006471531,34.029839,-118.287815
1759006501524,34.029839,-118.287815
1759006531521,34.029839,-118.287815
1759006561550,34.029843,-118.287827
1759006591542,34.029843,-118.287826
1759006621672,34.029843,-118.287826
1759006651518,34.029843,-118.287825
1759006681540,34.029843,-118.287825
1759006711502,34.029843,-118.287825
1759006741526,34.029843,-118.287826
1759006771660,34.029843,-118.287825
1759006801525,34.029843,-118.287826
1759006831526,34.029843,-118.287826
1759006861554,34.029843,-118.287825
1759006891530,34.029843,-118.287825
1759006921542,34.029843,-118.287814
1759006951542,34.029843,-118.287812
1759006981529,34.029843,-118.287811
1759007011562,34.029838,-118.287817
1759007041582,34.029834,-118.287822
1759007071496,34.02983,-118.287826
1759007101548,34.029829,-118.287827
1759007131540,34.029829,-118.287827
1759007161527,34.029829,-118.287827
1759007191529,34.029829,-118.287827
1759007221529,34.029844,-118.287802
1759007251519,34.029849,-118.287795
1759007281504,34.029851,-118.287792
1759007311528,34.029851,-118.287793
1759007341514,34.029851,-118.287792
1759007371503,34.029851,-118.287791
1759007401517,34.029851,-118.287791
1759007431524,34.029851,-118.287789
1759007461503,34.029851,-118.287791
1759007491543,34.029864,-118.287795
1759007521528,34.029836,-118.287783
1759007551483,34.02984,-118.287805
1759007581644,34.029851,-118.28783
1759007611522,34.029851,-118.287826
1759007641557,34.029843,-118.28782
1759007671517,34.029845,-118.287825
1759007701529,34.029844,-118.287839
1759007731511,34.02984,-118.287823
1759007761517,34.029839,-118.287826
1759007791688,34.029843,-118.287829
1759007821549,34.02982,-118.287848
1759007851514,34.029819,-118.28786
1759007881532,34.029823,-118.287872
1759007911510,34.029832,-118.287866
1759007941509,34.029834,-118.28783
1759007971553,34.02984,-118.28783
1759008001537,34.029844,-118.287817
1759008031493,34.029845,-118.287813
1759008061528,34.029842,-118.287814
1759008091552,34.029841,-118.287815
1759008121600,34.02984,-118.287802
1759008151702,34.029839,-118.287786
1759008181829,34.029828,-118.287796
1759008211495,34.029836,-118.287793
1759008241488,34.029828,-118.287777
1759008271623,34.029828,-118.287773
1759008301545,34.029831,-118.28777
1759008331546,34.029836,-118.287815
1759008361493,34.029845,-118.287839
1759008391321,34.02986,-118.287871
1759008421510,34.029863,-118.287852
1759008451342,34.029864,-118.287852
1759008481497,34.029864,-118.287852
1759008511521,34.029864,-118.287852
1759008541517,34.029864,-118.287852
1759008571520,34.029863,-118.287851
1759008601350,34.029864,-118.287852
1759008631492,34.029864,-118.287852
1759008661525,34.029864,-118.287852
1759008691500,34.029864,-118.287852
1759008721522,34.029864,-118.287852
1759008751504,34.02986,-118.287847
1759008781549,34.029848,-118.287821
1759008811509,34.029847,-118.287818
1759008841666,34.029766,-118.28771
1759008871488,34.029825,-118.287768
1759008901505,34.029863,-118.287774
1759008931708,34.029857,-118.287806
1759008961792,34.02986,-118.287769
1759008991539,34.029888,-118.287818
1759009021478,34.029892,-118.287741
1759009052131,34.028685,-118.28746
1759009081431,34.028364,-118.285694
1759009111527,34.027969,-118.284024
1759009141338,34.026254,-118.28404
1759009171527,34.02455,-118.283877
1759009201522,34.023498,-118.283869
1759009231378,34.022265,-118.283115
1759009263452,34.021604,-118.283191
1759009291315,34.021605,-118.283174
1759009321307,34.021694,-118.283016
1759009351329,34.021735,-118.282888
1759009381308,34.021755,-118.282953
1759009411330,34.021766,-118.282939
1759009441328,34.02177,-118.282913
1759009471320,34.021764,-118.282936
1759009501322,34.021779,-118.28291
1759009531330,34.021754,-118.282951
1759009561306,34.021756,-118.282953
1759009591570,34.021769,-118.282962
1759009621441,34.021759,-118.282952
1759009651361,34.021774,-118.282996
1759009681343,34.021757,-118.282941
1759009711501,34.021767,-118.282977
1759009741369,34.02176,-118.28296
1759009771339,34.021761,-118.282963
1759009801367,34.021759,-118.282966
1759009831499,34.02176,-118.28295
1759009861349,34.021761,-118.28297
1759009891686,34.021756,-118.282973
1759009921330,34.021762,-118.282981
1759009951315,34.02176,-118.282973
1759009981299,34.02176,-118.282968
1759010011337,34.021759,-118.282969
1759010041310,34.021757,-118.282967
1759010071330,34.021758,-118.282959
1759010101337,34.021758,-118.282959
1759010131321,34.021758,-118.282962
1759010161320,34.021758,-118.282961
1759010191322,34.021759,-118.28296
1759010221337,34.021759,-118.28296
1759010251490,34.021759,-118.282958
1759010281338,34.021758,-118.282963
1759010311343,34.021758,-118.282989
1759010341340,34.021761,-118.282976
1759010393475,34.02176,-118.282965
1759010423439,34.02176,-118.282965
1759010453737,34.021759,-118.28296
1759010483409,34.021759,-118.282958
1759010513270,34.021759,-118.282959
1759010543257,34.021759,-118.28296
1759010573210,34.021759,-118.282961
1759010603423,34.021759,-118.282962
1759010633446,34.021759,-118.282962
1759010663402,34.021759,-118.282961
1759010693259,34.021759,-118.282959
1759010723431,34.021758,-118.28296
1759010753427,34.02176,-118.282963
1759010783426,34.021759,-118.282952
1759010813251,34.02176,-118.28296
1759010843434,34.021759,-118.28296
1759010873429,34.021759,-118.282961
1759010903440,34.021759,-118.282959
1759010933261,34.021759,-118.28296
1759010963233,34.021759,-118.282963
1759010993243,34.02176,-118.282963
1759011023256,34.02176,-118.282962
1759011053254,34.021759,-118.282962
1759011083257,34.021759,-118.282961
1759011113210,34.021759,-118.282961
1759011143422,34.021758,-118.282961
1759011173213,34.021759,-118.282961
1759011203310,34.021759,-118.282947
1759011233268,34.021765,-118.282983
1759011263391,34.021759,-118.282949
1759011293386,34.021759,-118.282955
1759011323220,34.021758,-118.282952
1759011353384,34.021757,-118.28295
1759011383390,34.021757,-118.282951
1759011413236,34.021756,-118.28295
1759011443259,34.021758,-118.282953
1759011473272,34.021758,-118.282955
1759011503238,34.021758,-118.282961
1759011533383,34.021758,-118.282963
1759011563257,34.021759,-118.282956
1759011593445,34.021757,-118.282955
1759011623247,34.021759,-118.282952
1759011653262,34.021758,-118.28295
1759011683257,34.021758,-118.28295
1759011713471,34.021758,-118.282951
1759011743238,34.021758,-118.282948
1759011773248,34.021759,-118.282947
1759011803418,34.021759,-118.28295
1759011833263,34.021759,-118.28295
1759011863432,34.021759,-118.282955
1759011893272,34.021759,-118.282955
1759011923275,34.021759,-118.282957
1759011953207,34.02176,-118.282963
1759011983386,34.021759,-118.282961
1759012013249,34.021759,-118.282948
1759012043422,34.02176,-118.282954
1759012074078,34.021756,-118.282948
1759012103271,34.021758,-118.282952
1759012133315,34.021759,-118.282949
1759012163546,34.021763,-118.282964
1759012205098,34.021758,-118.282958
1759012223298,34.021756,-118.28295
1759012253268,34.021761,-118.282974
1759012283411,34.02176,-118.282961
1759012313427,34.021758,-118.282959
1759012343534,34.021763,-118.282988
1759012373586,34.021756,-118.282948
1759012403395,34.02176,-118.282954
1759012434630,34.02176,-118.282951
1759012463230,34.021766,-118.282996
1759012493379,34.021761,-118.282987
1759012523418,34.021762,-118.282999
1759012553243,34.021761,-118.282988
1759012583345,34.02176,-118.282978
1759012613224,34.02176,-118.282974
1759012643342,34.02176,-118.282973
1759012673371,34.021759,-118.282971
1759012703354,34.021759,-118.282969
1759012733364,34.021759,-118.282968
1759012763243,34.02176,-118.282969
1759012793367,34.021759,-118.282968
1759012823518,34.02176,-118.28297
1759012853230,34.021762,-118.282979
1759012883351,34.021761,-118.282977
1759012913379,34.021761,-118.282975
1759012943498,34.021759,-118.282969
1759012973489,34.021759,-118.282969
1759013003354,34.021759,-118.28297
1759013033443,34.021759,-118.28297
1759013063415,34.021759,-118.282967
1759013093413,34.021759,-118.282968
1759013123211,34.021759,-118.282972
1759013154603,34.021756,-118.282965
1759013183438,34.021759,-118.28295
1759013213218,34.021758,-118.282986
1759013243187,34.021761,-118.282979
1759013273192,34.021754,-118.282954
1759013303215,34.021762,-118.282979
1759013333211,34.021757,-118.282942
1759013363203,34.021757,-118.282964
1759013393207,34.021754,-118.282943
1759013423405,34.021756,-118.282946
1759013453442,34.021753,-118.282953
1759013483189,34.021536,-118.2831
1759013513217,34.02122,-118.283147
1759013543177,34.020912,-118.283146
1759013573366,34.020591,-118.283139
1759013603182,34.020314,-118.283007
1759013633172,34.020044,-118.283174
1759013663221,34.019754,-118.283345
1759013693181,34.019497,-118.283346
1759013723162,34.019291,-118.283036
1759013753182,34.019037,-118.283067
1759013783166,34.018739,-118.283257
1759013813167,34.018465,-118.283245
1759013843206,34.01843,-118.282887
1759013873268,34.018466,-118.282517
1759013903212,34.018454,-118.282376
1759013933206,34.01843,-118.282417
1759013963186,34.018276,-118.282485
1759013993182,34.018064,-118.282594
1759014023191,34.018057,-118.282453
1759014053242,34.017795,-118.282421
1759014083922,34.017491,-118.28259
1759014113182,34.017187,-118.282593
1759014143236,34.01701,-118.282572
1759014173751,34.016991,-118.282476
1759014203244,34.017161,-118.282637
1759014233212,34.017003,-118.282622
1759014263802,34.017117,-118.282594
1759014293183,34.017048,-118.282725
1759014323560,34.017025,-118.282807
1759014353424,34.017126,-118.282608
1759014372092,34.017152,-118.283174
1759014384358,34.017039,-118.283394
1759014413183,34.016969,-118.283342
1759014443150,34.017035,-118.282979
1759014473165,34.017068,-118.282722
1759014503169,34.017149,-118.282708
1759014515109,34.016711,-118.282576
1759014533187,34.016953,-118.282654
1759014563554,34.017074,-118.282741
1759014593188,34.017034,-118.282748
1759014623162,34.017128,-118.282754
1759014653183,34.016928,-118.282648
1759014683187,34.017047,-118.28272
1759014713160,34.017112,-118.28271
1759014743746,34.017074,-118.28276
1759014773186,34.017029,-118.282748
1759014803202,34.017165,-118.282691
1759014833172,34.017403,-118.282614
1759014863206,34.017725,-118.282497
1759014893186,34.017944,-118.282338
1759014923412,34.018217,-118.282179
1759014953207,34.018507,-118.282012
1759014983196,34.01855,-118.282208
1759015013382,34.018837,-118.282177
1759015043352,34.019119,-118.281963
1759015073372,34.019451,-118.281756
1759015103166,34.019692,-118.281607
1759015133157,34.01995,-118.281406
1759015163171,34.020252,-118.281211
1759015193171,34.020519,-118.281339
1759015223172,34.020681,-118.281716
1759015253352,34.020834,-118.282063
1759015283172,34.020917,-118.282271
1759015313349,34.020808,-118.282505
1759015343167,34.020489,-118.282726
1759015373358,34.020419,-118.283038
1759015403351,34.020571,-118.283409
1759015433176,34.02073,-118.283775
1759015463351,34.020896,-118.284114
1759015493162,34.021067,-118.28448
1759015523251,34.021292,-118.284543
1759015553178,34.021448,-118.284469
1759015583176,34.021604,-118.284398
1759015613176,34.021716,-118.284722
1759015643162,34.0219,-118.284856
1759015673171,34.022185,-118.284855
1759015703171,34.022416,-118.284755
1759015733156,34.02263,-118.284583
1759015763177,34.022805,-118.2844
1759015793357,34.022725,-118.284131
1759015823141,34.022615,-118.28388
1759015853192,34.022551,-118.283748
1759015883168,34.02254,-118.283761
1759015913187,34.022512,-118.283671
1759015943152,34.022392,-118.283423
1759015973161,34.022245,-118.283173
1759016003141,34.02202,-118.28323
1759016033141,34.021794,-118.28338
1759016063161,34.021654,-118.283207
1759016093151,34.021702,-118.283024
1759016123136,34.021726,-118.282949
1759016153151,34.021805,-118.282932
1759016183131,34.021848,-118.282828
1759016213141,34.02181,-118.282901
1759016243911,34.021784,-118.282975
1759016273409,34.021769,-118.282972
1759016303174,34.021761,-118.282956
1759016333177,34.021758,-118.282947
1759016363171,34.021758,-118.282956
1759016393190,34.021758,-118.282962
1759016423165,34.021758,-118.282963
1759016453365,34.021759,-118.282962
1759016483192,34.021759,-118.282967
1759016513339,34.021759,-118.282965
1759016543176,34.021759,-118.282965
1759016573211,34.02176,-118.282966
1759016603171,34.02176,-118.282968
1759016633195,34.02176,-118.282967
1759016663487,34.02176,-118.282968
1759016693242,34.02176,-118.282969
1759016723203,34.02176,-118.28297
1759016753179,34.02176,-118.28297
1759016783195,34.021755,-118.282945
1759016813164,34.021753,-118.282941
1759016843129,34.021755,-118.282948
1759016873135,34.021756,-118.282947
1759016903121,34.02175,-118.282942
1759016933116,34.021905,-118.282975
1759016963152,34.021639,-118.282902
1759016993156,34.021633,-118.282896
1759017023337,34.021634,-118.282896
1759017053143,34.021634,-118.282896
1759017083306,34.021634,-118.282896
1759017113131,34.021633,-118.282896
1759017143321,34.021633,-118.282896
1759017173306,34.021633,-118.282896
1759017203132,34.021633,-118.282896
1759017233321,34.021633,-118.282896
1759017263157,34.021634,-118.282897
1759017293296,34.021633,-118.282896
1759017323331,34.021633,-118.282896
1759017353144,34.02163,-118.282898
1759017383321,34.021628,-118.282897
1759017413141,34.021627,-118.282896
1759017443124,34.021628,-118.282896
1759017473326,34.021628,-118.282895
1759017503137,34.021627,-118.282895
1759017533286,34.021628,-118.28289
1759017563302,34.021628,-118.282885
1759017593334,34.021627,-118.282882
1759017623336,34.021627,-118.28288
1759017653139,34.021627,-118.28288
1759017683117,34.021627,-118.28288
1759017713297,34.021626,-118.282879
1759017743292,34.021627,-118.28288
1759017773271,34.021627,-118.28288
1759017803126,34.021626,-118.28288
1759017833332,34.021626,-118.28288
1759017863094,34.021626,-118.282879
1759017893326,34.021625,-118.282879
1759017923287,34.021627,-118.28288
1759017953137,34.021626,-118.28288
1759017983147,34.021626,-118.28288
1759018013146,34.021627,-118.28288
1759018043141,34.021629,-118.282879
1759018073112,34.021633,-118.282873
1759018103132,34.021618,-118.28288
1759018133117,34.021616,-118.282884
1759018163116,34.021617,-118.282877
1759018193097,34.021617,-118.282884
1759018223117,34.021611,-118.282902
1759018253107,34.021607,-118.282913
